0xC17b59A3D3A0E5Db3fEc994C3ed78c4ED0E6402c,,,,,100
0x9a40afF5579df945757c639A492570c90e185e9a,,,,,80
0x606f85847b0c997db10985782Eb0f5F2c3891568,,,,,80
0x553D17406f3eEDCe2CDb10b4d2A2C79251583219,,,,,80
0x33B837c68bF5e58dDCE3352C3d37B723BAaa912e,,,,,80
0xcc1A5B4A7BB4FC767b96B4a6c298D169155ebF72,,,,,60
0x09287f17F7FD7CbAeAd4ED24C1863DB9D3942c01,,,,,60
0xaac68d775433eD4B60c85093DCF8caCAd4901619,,,,,60
0xabaEabE556690B3ed6d4384ce391dD67375d5f94,,,,,60
0x00e7a1181a32d03bb17f34f2903fd86a4370027b,,,,,60
0xCfE8E7DF7882b00B9B145631Cb991aB95ae6DAA1,,,,,30
0x4F5Db7F9Fb656a06104DFEcE37471eE740C8D721,,,,,30
0x76D9760B4156f67091f1CB53eBDB41df1253C8C6,,,,,30
0xFe6050051Ac40F419Bd33c35C23d5FeaEEC0361e,,,,,30
0xD645d4E797829EcD34CfE7cf56D72F593ecF739D,,,,,30
0xE0212B60709AbB50B8e47AA7977F25Ea9993324D,,,,,30
0xaf2500A7500D4Fe1237f685Ac22769c03756b220,,,,,30
0x38F20088De96448b5B91039E802d7DCe34c17341,,,,,30
0x7D081099956C7E67767D669a501C43cF5b138379,,,,,30
0x4916baCC510375318f7F7b1A279c2132d3E428F0,,,,,30
0xE0d131c3CC015CB65760eaF671CBD424c8afbFc2,,,,,30
0x13e81558E8bafcb2039666FAC5f7fB8f47Ffa0F7,,,,,30
0x9ca7Be83741A9d24CA664b4F9B68AA2Dbc74953b,,,,,30
0xEAE814B5F218548F4058383d3Be573861b2B2F43,,,,,30
0xD68784B5e5fb05E490FFF150Af117E69896C156f,,,,,30
0x2f9B9f4A9f28Cd1cB9ec30F7Fb4f6612d8CE725a,,,,,30
0x6Ad53BEbDe07B5B98D7420F2FD4541F3e127D2AA,,,,,30
0x9cEC62C0097500B8263495Ea35f50e56D9037472,,,,,30
0xD9089a50541AeB92fA8C1fA2597bADEC3288dD3b,,,,,30
0xf47110EE10bEA33042e23972171Aba71d26f4Ef0,,,,,30
0xe1C767a231090e9eF79080575324DFaded28dB89,,,,,30
0x939716eB5FFce69Cc7a764d1f9F7CDd4a916b35a,,,,,30
0xDC26cc46529eD3B4F5e88BF98Dc20eD8BF29B261,,,,,30
0xE9179201E37f7B756B237C7eE878Ec3d736BDb78,,,,,30
0xB8B0148314205b519c258fF3caF886efb88306f8,,,,,30
0x810e60F042BdC321D52879405ce724d5d93Ee6D4,,,,,30
0xdc7A6fa6be4015Ff853F2aBE637C0F990701Bc83,,,,,30
0x7317235a0B109da6fD094889b6C5E22a73eA7053,,,,,30
0x44885D9B3527d8B98Ab7f08EbF3841cC925d8d7C,,,,,30
0x831a013Ae046dabdbfaF9C993989B62b7668f1ed,,,,,30
0x9C3D007766e801568Fa3f7E251dc76BbDD477733,,,,,30
0x8B50C5cB8681f5bf6a2751F9680fcAa90AfD9aA7,,,,,30
0x857CAAF2eD0D96520Db1A58729FB8411c387b0eb,,,,,30
0x85efB196d9f17F8d854B9f85cF98DE0D364E5EaD,,,,,30
0x553F91553C7B32C1320eF2b58fe9eb14C3192b51,,,,,30
0x0A9dcb3996e5C96E85cbbE0dC7EFEF635d402063,,,,,30
0xd1a8b012A54245d3C8365bc006b046fD4Ee7dab0,,,,,30
0x4A691f3C3625497688b9A8188FcA1bAc84C54552,,,,,30
0x317CB915f3293974A0E021b22b31a3056f07d57b,,,,,30
0xbcC6e4829F09ff087cF58a86687D4ce41977fb0f,,,,,30
0x08B9735Cf1a4eF75dB68510cc1BB9191e2551E40,,,,,20
0x086aD7fBe86EdFBa450c80d3d2df07C632601fE1,,,,,20
0xAB3155d3c1033691318a35C082cFF85A140F96C1,,,,,20
0xd5c97878e776F1A87F2d76E36AB14Ea84a58Fd93,,,,,20
0x07dBeC4007E6DaC3D59fe4C0D292B93eC28c8fA9,,,,,20
0x1694731613e92452A2Abf91e043e2Dde981761a1,,,,,20
0xeaa49e2fc0B2415dEfbD1b543a281b9Ee15742EE,,,,,20
0x0587b32740731b4D566cF55086f07D7a7F72e9bd,,,,,20
0x926C61d56341647f7A5d604EB925A1D901139eA2,,,,,20
0x776c8E035E553526B189CB4ba37737e23C0ca758,,,,,20
0x790079Ed19d40CFDB1C9aCABbC605A5800d0f38c,,,,,20
0x5Ce7d777584edc1f632A3889BF31D0bAbE5450F5,,,,,20
0x0658cB2485d409944dBfDa9A0f72bebbE022f42B,,,,,20
0xA20D1652286807a7f7637B60E9b962Afe8a525f9,,,,,20
0xE5dD498bdd840339C912F04a8F05eBC73e7E47F5,,,,,20
0xbe6a78bc992A1b6a3cECc04711F34e82dd31b3AC,,,,,20
0x8F0dE153dA83dE67F6A11f695aed16E3e09df569,,,,,20
0x09bE09E8Fc854B34c2f9Ec4B80cF5832e0C8E3C6,,,,,20
0xB86179C7cAB6A52666C2E6438E92DbaD19Acc343,,,,,20
0x00f11bAfBcE4C19B24907ecDF33b56126Ce7d495,,,,,20
0x73bec86e13Cf721eD41fEA41D62D785d00ff4959,,,,,20
0x30eE238180F7C8cfeb84d7801BEE078B5Af5DFB0,,,,,20
0x7Ea30df051e3891047B34FD5909fe00b821E3dbe,,,,,20
0xCB50a33D1AF25130B939B120A5c1EAc768dbd880,,,,,20
0xe2C3f6351D699C9A3717a1Ea5330E7dee75CF7F3,,,,,20
0x90555Baf1eEB2c0a54BBFb306f172b5DF4D11EfB,,,,,20
0x412F2c424A04C149940ef246Fce57c32325a397f,,,,,20
0x5Ecb9Df7bF5d10cbAb6543fC280e30fc582808cf,,,,,20
0xC9466A7e8ac5f33F0d5bAF56401B2D716A03e880,,,,,20
0x76f6988610b1c294d8b0de3e725005af9d557b00,,,,,20
0x18E1Ebe8065e159D4aB9D81d0D9318aB1A4dF679,,,,,20
0x18e77d3c57783F91E61a2637a56f8d6f028b2f83,,,,,20
0xA1f8fC2D034dDf3A8C766F38977A11241C838A97,,,,,20
0x9CF3083553b35bB254C9E5487911bf355bD17A88,,,,,20
0xDc26A4EAD439128C5eb4997399D1448930Cd029f,,,,,20
0xEbb061056903086E49b1F6BCA2f00005d4a539E7,,,,,20
0x300Af8bdEe17Fa2F8C1EBD617Cdb5DDcc38a2094,,,,,20
0x7466B1F4808e04357DB6c420a8ABab41e38cd33f,,,,,20
0x7114FDDF2F16A737726267990CCD9937f1d03e9D,,,,,20
0x24d62980600006b9bbE28789E9f59975b77dc165,,,,,20
0x59f0037c56Cb27499c9C5432545A57b035A1031d,,,,,20
0x0000001089167600c25258Da29d2e2c857ec1689,,,,,20
0x5d455A04b42eF1Cef2200295C897123965F0D056,,,,,20
0x7e496C9A0c4e5C4eD23719858B0FE27EF06375Ad,,,,,20
0x921C18b348acE2BFc58e1f9083AC2E663604abdF,,,,,20
0x7cd25ffa3aa3341a85b849308de2e35b5fd52b3f,,,,,20
0x4D39515136ebE55D8bDCFDc25c7159a6E82aa971,,,,,20
0xAb642e761Dd09B68883AA60f88b741815D01432E,,,,,20
0x701492E1fbE94eEb96079FD81244Bde6eB6DF393,,,,,20
0x49c2c41002d0A5Fe2FFBc5f04550cC147fD5E34A,,,,,20
0xD11d428350B9bb514436Ed6617f95A2d18cD0EE4,,,,,8
0xdd3956a4c817e2ed57a3a05954bf61d78e5e8306,,,,,8
0xE9621ECb9D46140C43A3f2d6d823e73693293C67,,,,,8
0x5Fe243B4d89662e2ca7Cb31A0DE080B5b842e20C,,,,,8
0x90320f0a0b2fdf9c7c88c94461f79d831d4e3ad4,,,,,8
0xC21FAEb833e2890EcA4aFAA914A17F41f4ED53E8,,,,,8
0x473E790b516e4Aae2E3fC81b7f7525E975731Cb7,,,,,8
0xe9bCa6F04Bf3281D2195ce6eF82DA086D20dC744,,,,,8
0x1920a2f2368A6d9B4e20ee4F26ee42c40b4182d9,,,,,8
0x84F9f4a4ED61c0832A3DD10119BFEbe52c184612,,,,,8
0xd8bd2c975707d683eb05593d42437f655e50c23e,,,,,8
0x5CdCb978f4001188eA710F6A750b0Ede65895CC0,,,,,8
0x559c6fEEDe3d4A5E9E3732157C20000f0D0D09cB,,,,,8
0xC1b836B23DC0cEE29F0E8eA7779DCF7e4C0be1Dd,,,,,8
0x2132ab8DfB9C5072CC1B03F0E80557762cE46b2d,,,,,8
0x9FBdE27B7FBB848d6863d57c2c531B9378b45939,,,,,8
0x6B4Dc6463Be6B4E7B2d6888F37864E0f29B24cdB,,,,,8
0xBB317ecc2d5Fdc93ee1eE8585a370D51d9F6C20C,,,,,8
0x14eF67fB49B5EC243f551170d4E9b70236aa88C6,,,,,8
0x28e73231B7dAa9ae19F7CA7d6587a9622657931d,,,,,8
0xf988c194fa870FDFC1C675d0000278d41a18dcA0,,,,,8
0x9E70000579A84770A2d7172A1fF2D5b7E56e37fd,,,,,8
0xD3247503f0e6568fF4834BccF09B0bA0be211017,,,,,8
0x003C83b340C9B1bADf97BAE29C925A0043e9AE69,,,,,8
0x8b4AD7B2f71c1943e63E0eF2d0D1B7e62228791F,,,,,8
0x7dF14a75DD3905D62e462473D514B55610045130,,,,,8
0x34a06b34a56548dD7DBdE77b64952503CE89E48a,,,,,8
0x3f5aa68cd1da741edf6860dfc5225d5f5090ddad,,,,,8
0xbb1962ea5B4BfF000013501aA5c33572bAb1f14B,,,,,8
0xf7C1995EDc892C6Ecce94eD904463A0235608533,,,,,8
0x93c57385f945a39ef380755f7510ce9b0f94f49b,,,,,8
0x3ff30b1b654aaf73091aecbaaf9028bf8fa23633,,,,,8
0xf4f722287404c19f98559c7fea421564051dd1e9,,,,,8
0xC033a08Fd0000Cd990AA344325b05AA63CDB3828,,,,,8
0xf9CDaDC2a1CF251eCcFcdB1534b9781a52e5c02c,,,,,8
0x74DB1884e9E0289e9dB5CBFCE31d5B35e7354927,,,,,8
0x57ED8D9A061a066EAe8f72899991094a13Bfb981,,,,,8
0x7ea5e634a87b7120da369cd12239dfc9bcce3264,,,,,8
0x4486ec692fec034d25c625cf4d2381283b2ba63b,,,,,8
0x52e506f21b3faebecc1daa9b382434e0879ee38a,,,,,8
0x666fe863bb5f4a4a737afc04dae63852b067b529,,,,,8
0x7c6acaD5ff94C720011185956f000019Ff185218,,,,,8
0x2c7bc2F8d6F73572fF0654ef6589B76e430a193f,,,,,8
0x4f57E3BB833A6bd9fEf90D9D51B998771aC58463,,,,,8
0x993E009AEefafaff9341c60c83b97E6Fa45c5c01,,,,,8
0xAD9Ffbf547FCA48d89B59770189e45dB42a5D28f,,,,,8
0x7E75117d6af298585D62C76D0253E0000cfEEdf9,,,,,8
0x8d6aFCa5dC094642751556798d07730F1D242124,,,,,8
0xEDe3cECc7e4031A745e373A0829EBfF95C68bd61,,,,,8
0x51EC7a9546789936bC10A617e4C1ffFB9ce847d5,,,,,8
0xF3ae3f0E31bDa3efE59b7Bc1b94e59C4D1879447,,,,,8
0x485433c4f02338559e7a5a398e36c4f142970301,,,,,8
0x2a8176b505c5c42b3cc2d35cd2515dcaf95b0b30,,,,,8
0xf303656657eB9E933454b158525C78addE2Cd8Ce,,,,,8
0x18de6Fd19d128Bd1a7b6639ed1c8A6bdAb249C12,,,,,8
0x08abdBB015357686e95594E1f2AD2be0B5db0263,,,,,8
0x6f49c7a007259571e139f1088E46CaAc7B550d05,,,,,8
0xA9BAF61E507228AeAA49721177B8BE465257D77A,,,,,8
0xE68df3D55Cd6edEb4D4Ed7f1b70Df2313Dbb2b4d,,,,,8
0xccbcebfc7aedc3e7ac2c242e5cfcaf906fa19ae3,,,,,8
0xd81707ccc9d45ed1d7ce50fa761f505241b2dc55,,,,,8
0x83e71830C6c073ec00005dd4aC92E1043d70a7d0,,,,,8
0x8762dEaC270d6cDCDB0a67f54aFbE9Bfbc7bB6ED,,,,,8
0x2Be916516ec557F1eF408097870BC44241515E2a,,,,,8
0x18e8432a516755777C95E5AABD2eC0A7E942f885,,,,,8
0x45B4322978f756B95E130c5354230189e4E40f8c,,,,,8
0x001dE1B7C447A9b595417eE5015c89bD4C17dE3A,,,,,8
0x60A7072eC8ca371B8D2f1809c28FE00001E55cBb,,,,,8
0x73dDae46e300d41fF3642c19D7f377DdC770b744,,,,,8
0x308b708553b2E0b2568C3feDcc196F93318ac8B4,,,,,8
0xf5B680b638D20F51dFE7Eb25b639297DB4A3C644,,,,,8
0x3Fff9B10dEf0450634Bf007Bf811B8a5e562Bf01,,,,,8
0xa36c7439E7b78008638CcBd07B63699D47Fe7Ce1,,,,,8
0xfB9A682E9ca1E590454341B687626098be988A71,,,,,8
0xD029e06651da1B82FbC862A6dbd2000bCFd8fe69,,,,,8
0x222116c2a7E16678257D97Db316f2694695F17A5,,,,,8
0x96d52E59f5aaA0c33a2C24a4eccB6858eD39a236,,,,,8
0x8E16D4D5BBb3De8212861062A4eA83BFE703553C,,,,,8
0x7d591951c6804209a566941568FaFA04347a91c8,,,,,8
0x8042D6bD08aDB196297145f943f696938B593BDb,,,,,8
0x4827Ad7FB8B7C1a3c1b638E1667F89Ad8523F2fA,,,,,8
0x4f0e2911a6e02bc0f8787444a794cdbe3c95042d,,,,,8
0x0000b3bb017f3c4b11fC785C0B2718B68E7285F5,,,,,8
0x800002e741A51aA8F5B719bBD8879E8BEFdEe4eF,,,,,8
0xDC842e65D3866E0d8F90000FE2c2758F90aFD1c6,,,,,8
0xfbc77248857e6eAb7d3eC2161677b679154bDd53,,,,,8
0x3792bC56fa30B81027Bf73Ac646F4382783C3A3f,,,,,8
0x29e2A25e03f524D59cFcB645112534FCdceF3798,,,,,8
0xA693803daBC68A2d229b69e01f4FA223478c9465,,,,,8
0x7736Ef46E2a0EB7Feb010C0435f76604a2837aAa,,,,,8
0x7B15E08d270Ddd6Db4Ff9e6c2A362E34481C7aDd,,,,,8
0x0695F33c1DEbaaDa3DaB7B40471DE598972ff078,,,,,8
0x2eb9916B9c6b7ac84912FFaBd3D165DC0Ba4b788,,,,,8
0xcf47ABd89245E853B65997de2Aee575F413914aB,,,,,8
0x22c20bC8a791d22426Aa0fDa45B18F11413667cF,,,,,8
0x4A79DdB4AceeA405AE5D008a6F690F2Fd69318CD,,,,,8
0xdEd214192212c73c6E56f7a52a50e3dBA6B2747A,,,,,8
0x395cd1072fc4be79c8e90fb44dad6e130fe9da8d,,,,,8
0x7dcfb6c4bb5dc4082cdf617659990d1ad9cd8ea9,,,,,8
0x7f2400001382745e62ed682E1DEFBAe070DEe6aC,,,,,8
0x54E7C7D950199A4A1E07b5e625daE0000C186b44,,,,,8
0xC0137B234d72eb12c22761800003b63AEE5c86B2,,,,,8
0x3CDCc1ad1af94d8304Aba86A7254260851fFbC4d,,,,,8
0xc636F9A0fb3b6f016A89ddd0BD120C6ee58A47E6,,,,,8
0xbd0c31D74B3282e17434D3061bE1E488bF8c1cE1,,,,,8
0x73f6ed72D3e28e02F21cE744F969C0481A01Ea77,,,,,8
0x59D2bFbe59324b17F39569Ca8eb5C9CA15437777,,,,,8
0xFA70d50dB4Bf987e94F55f6410D042E3116fc0dA,,,,,8
0x6bcB4b2D763eCb5a749De80F6bfc224Cbdf6DC4A,,,,,8
0x78BaF013F9b766dE4fE4E68D2aA23eD69ee722B7,,,,,8
0xb63b0d2F490A4Ca9a864ed03a04Ce4F72B5bf25e,,,,,8
0x0084CbB755396Fe94C1EEf913c02f2518FDFe3b6,,,,,8
0x0B9622A25558fD1E0E8419D16175aF79216CF5a2,,,,,8
0xe119c280877f1025ecb23e7dacfb99d65c498052,,,,,8
0x3a6942A3bAD6D562f879A9EEFde5310805e65D30,,,,,8
0x410BC34dEc3D3b8A2a0bb6167D4CF9240F1ce925,,,,,8
0x7A7f2124eEaD9d9b80393EcfDB488141224f4031,,,,,8
0xb66bde62369566dfdc70451a6Ca54c2696507256,,,,,8
0xFE16Fa5321eB67fB451E49cB9E7E420cF8D3573C,,,,,8
0x338f800bAe996aDD10E1A9f4C58e80D53f40d84D,,,,,8
0xDf5233D8bb239993514dbC15e43fF7Cec04f883b,,,,,8
0xE96db9eA3bC516031f061a3D8c765d1e777AEd6B,,,,,8
0x6863feB9992f7C6cBeF018f2d0c8888846Af7b96,,,,,8
0xCEA6180Edab7636dCae3036A5141982B9765D22d,,,,,8
0xC5005994ef571C26004490b69dFA4bE954De170A,,,,,8
0x8c906f783056e1332Ee04F3029D9f44d06D4961F,,,,,8
0x000000faeD60f9bC856c74e814a395D8b5A9eb42,,,,,8
0xBf2Cd77ab16b59e7EfC5229EBCd04DfD1e3982D6,,,,,8
0x90C83DfF6B0DC49E919e21B1284982be68caEd2d,,,,,8
0xE813Cd054eaA54f56Fd427540384Fe25B642c175,,,,,8
0xDC59095c0419Ffed383cA41E211Ebc59b6f55b7c,,,,,8
0x65dA85EE905997677c0ce8a9DeC214B9ecF0b852,,,,,8
0xEdc3A0E50e28151A9d0A295F1B61FD7804b159B0,,,,,8
0x126b01A630dA3C0C16E7CB760BF033E683b2e72e,,,,,8
0x6b68288e6589099CF3aE468c822Ac7469ec55413,,,,,8
0x70d3dB11D578B7F189374C735309487deBa4Be03,,,,,8
0x0E75e593967E2826f27cab3E3B6b20734Cd05a3A,,,,,8
0x7f0fE84b4B2c79ae44B9a9Ee306530742564Dcf7,,,,,8
0x7AaaDD00347f8d4cF01ccb96bb7dd3056C208432,,,,,8
0x1d08E9241f35B5F92B0A0a50C53FF02646125110,,,,,8
0xa88d87ba48FcAe469d877C097C241324819aabfb,,,,,8
0x060556089BF60c78F07f80Fc49B5deC0BB82c6cF,,,,,8
0xC212d5339BEC65eA533b6Dde66829c873b8cE390,,,,,8
0xEc4279B6E336b9687061Dd4B43076A40844396f7,,,,,8
0x264562d7Ba74473aD28320385b984335F0226DCA,,,,,8
0x89E1eD4a07221858D073dA1fa35302542EeE8110,,,,,8
0xFFb92EB39383cc6E54949D6b7cFB6DB0B9b4BA72,,,,,8
0xCE927F48aFc848Ad2d1d97a3c3C1aA555CBB6853,,,,,8
0x605778647aB77Ae12cF4fe0cd66159149B6fb15F,,,,,8
0xBCE9BB2BE3fE710E92E17dCf87D846B5cceE775a,,,,,8
0x0CEDF8c15BBe47834402A20e09F0550d8E350dB4,,,,,8
0x87dF4576F507a60FA0E83B0D04594BB1614C2aDe,,,,,8
0xb41a6B4E013C566B65b3Fa56E12f4C113DFDe4B4,,,,,8
0xf76c3496b1086279677fe910b2440a30d75bfe93,,,,,8
0x00FcD69431A0F746Ee3eCf1Fd026EDE9D6DA6Bc3,,,,,8
0x1857Bd8D16051Bf33E7227a4D46A7af1271191c5,,,,,8
0x8d40E59baecD6E13556C438499cDC111DD251862,,,,,8
0x5c3bd265d69fe14435F8DCD1c3407f4F46ac37f2,,,,,8
0x115110DfF3eA0752EA89b15776A13142Ab40BE51,,,,,8
0x98404327dC0716D71AB40b177532d0584E4511c7,,,,,8
0x1972F59a7562EE702D8057C4bd6aE35Ab03f3e6d,,,,,8
0x5beD3213A0aDF02b38E07575875180e94aEfa670,,,,,8
0xC86C2a29cE41A8d51143eE44D2D0C902eB6c537D,,,,,8
0x023A1bfd7A301D72F7Be6c63a0EB705182a45c45,,,,,8
0xbFBC0819b2447BD8097CD30Fb9dAe7fDc31f76a7,,,,,8
0xeb44B9c34BBe8ce7bcf0e8D3379A11DC4AEaD9aE,,,,,8
0x5587CF593F3C14BCc180c3Dc0A88b6369180ff67,,,,,8
0x79ebb7FF4b2a4277AB7F6B766D6bc7b503d1AD08,,,,,8
0x1BAE4306e4304b56B3FcED94DBe3720D5fa8817a,,,,,8
0xB716D04A80245E5E9a3a385cCeba11ec6e6E9277,,,,,8
0xBF1Ad7e75C7E301A1687C9523666DA7cF114557D,,,,,8
0x2105D7182A2d7DA8C519f82B4dC422C1D4578FDF,,,,,8
0x3665A9b5413667177739823B07Dd0e4689d9893B,,,,,8
0x93A58c5F6B67458c4B36cc30C25399cF7ce42033,,,,,8
0x5890287C0D49bBA295bB4854fE71E2A1B1Fec6aa,,,,,8
0x705601B04ce7E2fFC81B62953b1fdAfE917C6104,,,,,8
0x85C7b4A5ecaD7754BA86324285F248151f78CDD8,,,,,8
0x3069fa30c56ba8b3ad306fA740062bc140b219E0,,,,,8
0xd42939a668d03E087f8d0090145538dBF7EeF018,,,,,8
0x82582999a0a6bbC50abe986E192387e69bD37D18,,,,,8
0x3815ed3d2eae192b816c266501ea7ff402910900,,,,,8
0xCf01A90312543fBB98B9105B3180c893F34D0059,,,,,8
0xfF451EfcEfcc8d9863cE4c527eE770FA0b5bCE18,,,,,8
0x38e739Ab1fE90c10924B49a835853CF546440909,,,,,8
0xD0248F609165D8353eEC30f2A89454345B9e6705,,,,,8
0x4Aedc333bE217079317606CC78b4F314E6d74B83,,,,,8
0x906c1354F183ed60EcC09cc1377C170CF4aD4e1b,,,,,8
0x952dc2cB10d4790e147B6Bfa4f7625f401334675,,,,,8
0x6845C848fe8C3B23CD8996eb1a158e9498e89D26,,,,,8
0xeCfFd57e52bC5d857b13d8eb0D5020b70254af73,,,,,8
0x843429d1174cEf4b3788fCb8BF0c26376dD84f7e,,,,,8
0x03Fd8B49D84f68B7931f43dd326508c9b7bDA08b,,,,,8
0x02d35D097b24D5d47ddCc1A56085a441EA72c6DE,,,,,8
0x47600D210bdD145ba762e117E66c92066BFE5a03,,,,,8
0xb2da954c52c409f1fa6f9e27e76386feb5d4840a,,,,,8
0x9b16357A93E6b2Df4e84514c471e4a83eEf868D2,,,,,8
0x35e10d513Ab42f8C6BB37f946bF70a963cf2E9E1,,,,,4
0x357722803BA944d009f41BCF9A9d6D3c5A7497b9,,,,,8
0x3e11c83090566118A37E04C84ff18feDa7280018,,,,,8
0x1d01663c0d6cBc60f07b1Be7f4D4ec2AEE8BCDFe,,,,,8
0x45043De0609cdEa574A1aA33630666042c222FB6,,,,,8
0x834bf053383eae89b62774c73205a50d5bf7dfe2,,,,,8
0xf4d87BEc86ec0504cD374D37b8C776DE34ca1609,,,,,8
0x2E03B2a9aD17Db89fa473D622B88de82dc66Ec5d,,,,,8
0x3f1423bB36453aBd778987109ECA94c15a08146D,,,,,8
0x55b15889b2141e41032b35254E0770d8C4b8CE47,,,,,8
0xaEC7329Ed598c5dF0230b3aC62993e1D8A91e50b,,,,,8
0xd2E3461592062dc70A15aEe2C58366E802456db1,,,,,8
0x69b004E49f4E18a12890E2b46fFFe006E6D2F79f,,,,,8
0x3e1a84fC2A7cf59C8F482eeAc2370eb8EF2bB1F6,,,,,8
0x3478E1F9B46316FF2FC805B215482DE755254a9B,,,,,8
0x75173cd97dd613ED737aB613AF7764a90158d2f0,,,,,8
0x85f4df6ECd6da82d90e09699350E15f1e5dd3EC3,,,,,8
0x4092601D106a97db28A5131414a836E61A76749b,,,,,8
0xD3787053ADD136C34053B86a7Ce6981bFEcF45c0,,,,,8
0x28219E05F96CDa3d2ceCdae017C08bD7CDFB6Bca,,,,,8
0x1B1E86FE3109604A3b0D380EB6514C9361Ab673a,,,,,8
0x001AEF8094d70668247333c646A8e8Ecfd619890,,,,,8
0xb70a4e895498Fa7a51c85B3f943e68bE3564bA79,,,,,8
0x159b3ec820B23D16DDd2751908a1E20503731De4,,,,,8
0xa202569f6028A00308cE2a6713958094365FAB9a,,,,,8
0xf9B62292A97daBF19300ca196B8CC187b0Bd62B0,,,,,8
0x6aBD1ba9bEe26b438189F804688917BB088886e2,,,,,8
0x7efa566c0AF199846D47d12F4d0689dc8a05428A,,,,,8
0x069cFDFEe3f7e8779c8f7B3fC76f003843Bc2032,,,,,8
0xc4587b0ee2919aa92aa45df7e1060cde2baf5421,,,,,8
0x4465c487C21B4bdF2290a278AA0208Ce144bff73,,,,,8
0x67Af8E149A02c34B8C3b00926eAEBE4D28159d5e,,,,,8
0xF7553BB0829b460b42C7Ecf3D43c13e800De1A17,,,,,8
0x488089c490c3c0E5b1346131e9EA0b0d850E05bC,,,,,8
0xccc73e55c53d7D80273055B60E2F2f72f729522E,,,,,8
0xC32c2e118E4C74f74d957C541546d33Cc6e2ae9F,,,,,8
0x82f3E8e1f696abd02181FFC898A869E5f9f6a727,,,,,4
0x95132837727896b8F97B0C72020ad4F2f0187a99,,,,,8
0x100620A3b574278C19545c6e0872F8AA62d26126,,,,,8
0xf4EE078427b18BEA878775bbFA79873b9c26ad1C,,,,,8
0x5C9C1Dc95BA277A80f99c8f6Dd0527e55BeE949B,,,,,8
0x7C9304da456285441bf43bB08197cFa64A438eFE,,,,,8
0xC03920619A5B57aC9f074007cAB4025cFD45BF5B,,,,,8
0xA209101830Adfa253a791e26594Df1Df4b914DA5,,,,,8
0x8BD48C5fE218551EbBcdFD93C62b2b445B567065,,,,,8
0x5a2B5dac5D1c448BE22509054563E401e128c043,,,,,8
0x981b68d6e2D0B35A6Ec29aC51426956dcfDF0883,,,,,8
0x0E388441E1e0dD12d5db04Ed800148a2B9F4F7c8,,,,,8
0x72a37B34499D85C53918d6FCF32a3e91E3e59823,,,,,8
0x148cA5CA19ff3D372A5cEEbc24c9b2b447010bd7,,,,,8
0x416a4B179F75B385dAE3a4f2E04969CF6Cf1c3D2,,,,,8
0x3f307b2c5dfd9b45725dc8d76111d219ca16dbe9,,,,,8
0x8A6A6FA4D9CCA6e1599B0DFB2354BcE10F45EE47,,,,,8
0xe41a04A4ACb552412DBE4Ca6b7781Ef5ca6715b3,,,,,8
0x973c827a84B65c430a263533519C8af0FE2B7638,,,,,8
0xD5410E5De2c7AF8327b1157a0904F76D944aB435,,,,,8
0x58e6B72aDE90b3F323eD5Ae4f1dfe14aa81F0b57,,,,,8
0xd2933D68108cb399000790C88385B205518E5CCb,,,,,8
0x5455447cF9c346Aa299FFce29Bc119A561F4D2E8,,,,,8
0x61000E7C49A1AEC4047d9B808ddAC4295249e941,,,,,8
0x5F1083c16E7d03E0d0675b4Aa3C26EbC36123009,,,,,8
0xd3ab09900a1d15d2E4Fe0A29c19de6E5a83EA900,,,,,8
0x579bc93731a27888CF8cCF52964Cd7bd26D9cE4C,,,,,4
0xDf79Fc983d6643759E5CcbEe87A663C5cf701A69,,,,,8
0x6EFcCc3715b72834b79D7D2b4C392dfEFC7123Af,,,,,8
0x5Ea4533B5456C55953EAAbC03dFAAfd5284aF71C,,,,,8
0xc6B6C3878428a4745D640516e37FB19B0a8805d4,,,,,8
0x20029a266289849Eb34b6D5d069d7D3b47Cb0f06,,,,,8
0xFc5d62C65d5Aa84916B5b0dFc23f362A970B10cE,,,,,8
0x0f93227829ebdE502766c3cB06245093838fC6E8,,,,,8
0xb816D3e5Be79D7A9FE7D5bc36A1bf74ECbDf794f,,,,,8
0x5fbeB1189c9d130Ce7b709f6Ac0a448adEc53723,,,,,8
0x83e4C71f591c4Db12Ed2Ecb014d77c2cAd39e560,,,,,8
0x580E7F0DeF4473356CeeeFD76445143fdA32d6e6,,,,,8
0x58B72956e4dE9e243C22f736196C1820724F0904,,,,,8
0x04b5b11D7e590BfA8bC48AAcB010edBf9E6D7D58,,,,,8
0x23b286a36EBd2733C17BB69Dd89382ff4f8D95bd,,,,,8
0x75440b6d4074CF03b18a848797981fba271293D8,,,,,8
0xc5ee72f043d61163377566d751733fdc99922bb2,,,,,8
0xe1812d416ee300e5dd973c53b7b6f19e2798f15b,,,,,8
0x12d37b304da9B14F14Bbb350Ed4CCbDB73a839e0,,,,,8
0x6C08bB77Ab06ec1bAbB66f8d9F56bC9a32D5955e,,,,,8
0xBF09001c24F140AAe90C1b36B85587F16a41EA3C,,,,,8
0x524c995c25b45b4b76a5c85b7934310c1ede9302,,,,,8
0x0f43377c5e19749ddf0f4062e184be27bc7a7584,,,,,8
0xC7094BE0A20736C69Ea35310399d921a3d4EF894,,,,,8
0xeBDA819Bab7bEF14289885dfEE979a0521662707,,,,,8
0xd2CdB4b2426B4dB72404866c4F668BB1Defc1700,,,,,8
0x52c337ae29FA2Dbf68797F163B931b9704836771,,,,,8
0x683d4337C4F5aa1da33cBa4C3A23C74266EAdcf9,,,,,8
0x987c956E4144Fd90D8F10ade4849BF4De9daC214,,,,,8
0x95Fac2BEb895F6bAE6EE89280605f0EFCEddB0D8,,,,,8
0xBF6EbDd61828E38D2F3d51076025E2334a5383F1,,,,,8
0x4eC5C8A29e99d05f08C174dDEfF68B898e3a5eCe,,,,,8
0xcAd747269c87cBCDcD770539FF5307cde5244EBD,,,,,8
0x9fc1096adFa0f13859aE5B84A0e17deC481F8A21,,,,,8
0xEA2bc82c8b1Ad8004A85faa6172b8B6180eB3843,,,,,8
0xe276BF3EdF78Af7DB007D16C086F079eD1c412F3,,,,,8
0xB4cbCCee22f020d760668732C9792127ee5758BA,,,,,8
0x1f3dc84496B4f92d99DE0aff54Bb5ec84f15ce1D,,,,,8
0x8ab0824aC1aF9f9d7580fBbc467D99A3D993D6c2,,,,,8
0x6bf74318F3184b55125151f107807355960F460F,,,,,8
0x415B99f4A7b2B399732Ee00a3C3Ca6b4A10d7057,,,,,8
0x95AA671AA3ba9fc77df240085df023A689618803,,,,,8
0xcF61393d6809a2495Dc0292dE35a82715485bd33,,,,,8
0x977701092575fb15FAaD23D42EB831DC3A28C642,,,,,8
0xaaBfD63e024D56Ce92E5488fC92738822edD8E67,,,,,8
0x44679b9691AC18e18938B7d2980d3b02652b1199,,,,,8
0x564FA0856445Ae4aCb1CE7Ea76e5E88F1934f2Cc,,,,,8
0xaFad2F875e5342FEBe0AB34885d94318FF3bfaA0,,,,,8
0x03F8046fCa4Ce467D6Cf7703Dc0D08424066F46A,,,,,8
0x25248b5a6a3469B3D13A4346Dd1bd51d87d6145D,,,,,8
0x30F82a4044AEaEe1AE321E753Db01d035274101F,,,,,8
0x23914325b1118EdFA363EB8368AF41A0611dC552,,,,,8
0xE474A60dCac809fB4Ff8915FfE989299839443fa,,,,,4
0x438fE45Cb707c12572803007cd7De684dfcB82C5,,,,,8
0x9492CB91CE35bF641bb56b7A47961CF475fb5A67,,,,,8
0x069a64575A49d4242e908C15c5dA4229586dBa4f,,,,,8
0x04647e70a9c5d48ad0c3e3d22609feb8b3299c52,,,,,8
0x50C3E8ca75446f06416d6884Daf78c8C87f21461,,,,,8
0x52675C04Efa84062076b754d6acABbeCa6C5FF1B,,,,,8
0xde3D9E1CD58B66577D25697a79185de818B9b9d4,,,,,8
0x000000D2ED41EAa14f25Fc3832D87dD8D62A336b,,,,,8
0xb6073fC0fbaab6b721C8653A297235F602929C91,,,,,8
0x82bA8E25BF2809FC4b2B5e6685C55d608f11c998,,,,,8
0x9476bfb04ee2ad720048a5e64ddda178ccc0a98e,,,,,8
0xE494987a3dc874E1F7aACD84f0C4141C43B94dEf,,,,,8
0xEE5661E9B0b3c05bB3cf82C01d194bB35D082d17,,,,,8
0xDE930D0C7A4C40Ec93dbD288fc38713EFe08bfdD,,,,,8
0x22CAbEAF971f45fA549030E65e8fe093eb26277E,,,,,8
0x461D57E1D7E106C5581dF4a21F0DeCD51C159D66,,,,,8
0x3b13b6413f10166Fc239B2b2Fc62BE4c1F7450E0,,,,,8
0xeb7235Cc33493A11d934b512C4387ad0dd049229,,,,,8
0x0c37cF737340F56EE46FbBEcdC3FC417359dA108,,,,,8
0xe63F3F99d38C01Cb05514688CeE17B54DA78c590,,,,,8
0x1dd19cfc54ee4d330060e2c7e8418c7c1b834e84,,,,,8
0xf5b20968480b3f7Dc0c39528fAD7A6B992511bEd,,,,,8
0x704B046258c9C722B3E61c4F5046Ad22e440d2C4,,,,,8
0x7f8D4eEF95B6810C604Db2E20353dd2B16550290,,,,,8
0xdc7c6028dFd1dF31eC3EF7CE490E61c2055f3Bbe,,,,,8
0x6B6b0a85C34e3EBe385b4983Dd47A02312FbEc1d,,,,,8
0xDF8344e561CE88633af2b18d077926935482e158,,,,,8
0x63b38413a14359E42f33817Aa579791Cdd93ba2a,,,,,8
0x3cad55D22104F28F7fdBe89eE58dE9010F21D0EA,,,,,8
0xB1C70e6006228Bd3a1D687D9D31BF0578c9a16b9,,,,,8
0x201C2dE4a6725635Ca4d5c0A24e87ae09FFb9539,,,,,8
0x67F342cAa1D613A9a68e64ef7772439e7D68523C,,,,,8
0xCC77f9f0fF0AEf58406a500AA738E4b63fCC53d3,,,,,8
0x0976E1e89f61e175e809Ca96777167dabA2A54a8,,,,,8
0x1335320a0C7E457C10C89315b4BE2EEC164FdAE3,,,,,8
0xA48aB763618FcEfb1C2b371Bba5f1232090F5A0a,,,,,8
0xe9aF8bF9017c44306383C7D001Ad2A2845F9BF6d,,,,,8
0x4FFFa4d91f1Db1e7B689c01Fc017c8259087cAe2,,,,,8
0x8896a7d8d7910EDD2108EBEf1D3Cef8d1bEE5FbD,,,,,8
0x7543878545E83F3525b5aCC1F4cea6505014c320,,,,,8
0xAa435ad3BF6FB73EbB773dB3e9301275D1F55F7f,,,,,8
0x0110613dB66bd7FE1f4f8074fCE30819ac55c777,,,,,8
0x92d839b74c7534602EDFD9c3C7D21DFC20c4429c,,,,,8
0x3700f631C1A5c4361114E03C5B45057dc4e8229A,,,,,8
0xcBC7E44ba54f72707A093E4269885a23c7Aa3f0D,,,,,8
0xA16c00484982ba0D0e242c05B24D0E76021FB3D5,,,,,8
0x06b72f620EDF2fB5971565cEa646Cc7a1FDFD912,,,,,8
0xcce0A3E379b1A0E5DA0573A0e35B0666AC0c631e,,,,,8
0x28b6063a2d784343f1258de0650088Db5d592EF2,,,,,8
0x4f3bA3E38Da86b8b4ef4Ec6e5b8D4E5Ae43DE55a,,,,,8
0xE0b247E4F99D4965b258A0403F6bb560A97736e6,,,,,8
0xf1b3b318388cfc2cdbde65569b007aaee6f1e40e,,,,,8
0x83bF4ed92D67383883DDB808C1A8432df1CC1156,,,,,8
0x7eFB5E38387f9621Fb581fA94ED4Cc4D1E5A53ce,,,,,8
0xE7611c1C687765a37692E8b3129b90A6CeaD47d2,,,,,8
0x2A71c52D7B6c402d2a200b93923163F07C87bf02,,,,,8
0xeCcA4E1b7c09A085a78Da2F877F0aED63068F3A4,,,,,8
0x3298A9F4e9C2d67f77046d0a325a6dc28A7312d5,,,,,8
0x675ecdfC8Ab2344c0bcDB96C21E319871f134991,,,,,8
0xCAE65Ad36CC200702d3b30A7F9013f63F5fB97c4,,,,,8
0x32E651cc4a4fdE11415FCDd9e3E87c5CDF2dbE6E,,,,,8
0xcD8Ad06309DFeE2edC7C6D7C11C3B620C7053085,,,,,8
0x49e4b5E15aDCcED3157f87dc91e6798cB023DEfc,,,,,8
0x5F79C7E594A15a711Cc530D0F0bA0c802355f3B4,,,,,8
0x120b7CCeC4D66b36C191aF707D14c6E21E005921,,,,,8
0x5D8CC9BAE808ABb14687E571673Cc9e26Af8BA6f,,,,,8
0x619aa9cf328cbafdfeaa44ed11841fa05657308a,,,,,8
0x2f92AaD17e81E879950f701407B967bf3c993B6C,,,,,8
0x2048D6a9374f8fEe83FB6614AA9b914E15b17423,,,,,8
0xa54D029A42E5C85bE440412A92A33F8935810fbf,,,,,8
0xca631a7Cd2EF9638D6e681637f50E184503aa908,,,,,8
0xa0e3828F29F9371BC750F375524Ca7Cd5b40735f,,,,,8
0x77173ea671185e355Cf76F1341bF1A6aA1F2Eb35,,,,,8
0x330559c27fEA676B8C3E17De8C6Ef1d069e43fF9,,,,,8
0x77786745a110c6325b1fe5667cd09c6cf975a4d4,,,,,8
0x261e13a6A529b9e71A5033DA79029dC479582504,,,,,8
0x45290b02487F84A85AbB1C4B356e43F3A59AD02F,,,,,8
0x1F48a265A566DB3D7cE819FA0b97813485bF0b08,,,,,8
0xb508dC8439650cb2A7AEe0F1e5C9572d74685926,,,,,8
0xf68c45a807a805b33ebdbf723ea91a93ba45967c,,,,,8
0x15Ae4F1747cD65cc15f765F53df0Dc8CA4967500,,,,,8
0x47Bb0C27dC3eb15decB078F8d2308B13A06A695E,,,,,8
0x728F58C4f8dB2D6f3646048624f5C3a86F29De7F,,,,,8
0x9F1668b6C20B040973c3D783DcF2787fFF743701,,,,,8
0x3582fe976ab314d006f36b863c315db52c66ae21,,,,,8
0x9674B087CE461796500566afe64BB6437ECd17aA,,,,,8
0x3A9ACF7B6f0311Cef920F19c7b247eD4Fbd4CeAB,,,,,8
0xE9Db50F7f4f8381ec239eaB32945dbE63E539125,,,,,8
0xcd267ab0Aee2F9BfA39645f237d07Cceb774e7C6,,,,,8
0xBdB6Cd1b54f68FE7Ea75CaBDDD13d03204f6F095,,,,,8
0xb5A3ae6c0D71F3A57CEd31001725AbC60312Dee3,,,,,8
0x66117b1fe5e1c9414627F2552C66C4b4653b7208,,,,,8
0x86F4376aE5fBb6513B2deA3037EBe87a5D5E03FC,,,,,8
0x2004032581bc742ed5FadE777c002E3b33668839,,,,,8
0x55616155f05e537250E53C64D2BC072B9e6182A1,,,,,8
0x1A875206a353061F69863Bda3c08A7794a61A535,,,,,8
0x88BaE93177c4e4F4c3141B1ccA466AD103351380,,,,,8
0x5a6EC2323f76aaB5c3974A53e0C2149E746d21a7,,,,,8
0x403513CC97a413F4213E4e38847c2ea89Ef07077,,,,,8
0x9DE7d4689fbf6a253ba3fc3A58Ad2768CD3f1218,,,,,8
0x3df84e14827D9dE2381227b5857789366833494F,,,,,8
0x4e53313F575ACB89788e455299fe0686cDe941e5,,,,,8
0xEA336dA61f8927699e11bf49B22977e2D1Dc9C97,,,,,8
0x890792A36aFBc04856fe09362ba05dA8A82bbFdA,,,,,8
0xed88B06a25351FcF9653B01dD9dc978e11F90dCa,,,,,8
0x845D92d95d31a0Daa71E2055a263c6cEEC3c517b,,,,,8
0x1E984117661538C514516f67B79bB8Ff8F87f992,,,,,8
0xd3AB4CB11b72393Ddc5d4EbAA50D6A018d8bfFee,,,,,8
0xDDcf3D9ca1F3598790F7Cb38105DC3eaE3825a20,,,,,8
0x3928D9a480711eD7b84739C3377fc374d92d6D77,,,,,8
0x595840634189E430930cFE4FCc6024d72AdAb145,,,,,8
0xD906548Ac353bd58d926375e11A08251C7A0492C,,,,,8
0x0abd2Fe9A0040C5c23DAE8C9ef452764c246838b,,,,,8
0x595793f1AC9Eb818C97Ca12a5d307DAC5FA5AB1c,,,,,8
0x2E72E646078bE77568753A45C140e487AdD67859,,,,,8
0x081964bF4228F992443c59340239B815DD243648,,,,,8
0x7e9233141BF076bC9A7fEa2F0F36726b0196AAFc,,,,,8
0x5Dd343F53C9599B5Fa8055CEA83Da4784eC8C024,,,,,8
0x4905830b7d6DdEFcC892797B6Bf0f9a266412fA9,,,,,8
0x399A3De7c60e9b029AA1b518146Ad91c82006503,,,,,8
0xAa32690BFF273b6fefeb412baF59b0fd573623Fc,,,,,8
0x1e70187156bABc01399f64F7A9b4fE4de7324690,,,,,8
0xA502Bd4bC10cbb31D3cAEC1fC17268B8bf2eE91d,,,,,8
0x952cfcB623942EB49Ed375E8dBa692C449754C05,,,,,8
0xFc2BCF01823142702110e6FeFc6d2Af3Cc15F30B,,,,,8
0x4d0f32c05811568907a6760d2984D908E150417D,,,,,8
0x2DE2d7525148A5C93f555cbf5d5C82E1ce61fe7F,,,,,8
0x5359e9C13EA5c587f3608CE8989e5d1E91217842,,,,,8
0x0E77BeC08799297F566Bc1F54e6eF0e1B0b2434B,,,,,8
0xE965d2FA96B9f5F5Fb1256CBf7F280ea527a4Cf7,,,,,8
0x7c7AC61A4F85d0460cA7c823CcE194B7f015C2eb,,,,,8
0x2e3B4ee7ca47CE12bDFA7bEA215910947f53d9ea,,,,,8
0x0aac7844269D190112050Cd2CfEB27E504dD931D,,,,,8
0x7fe98dd5f8983cde6e07c91dfe5f1d7c7a5c0828,,,,,8
0x0B7ed71576FD6b3C7c89Ca6D6FFBaeB1b81FA1f3,,,,,8
0xf3b8E7C3bCD60C531Fd111e38d55A1f611a64607,,,,,8
0xF894b05939599C25cDD3e158111F174abDBFc469,,,,,8
0x7B648c6Dcea2E76F70cEdF82A26c6390A315D50d,,,,,8
0x116f76ec778099a3c599799353bbdf9905e1c00b,,,,,8
0x3f3adBdD43c058c200A2Bf9d7C5eba6c5EF5daD1,,,,,8
0x83589f5f00c079E9366650BB5AcF9A6f2a620753,,,,,8
0xBe36942743C33CC21bc63bb506668e3DD68ac43a,,,,,8
0xEd5E3a94114b842fB31Da64A755f32fFA8a349cb,,,,,8
0x5A469709F90dc1511323ba3625C89B09B5c9DFa9,,,,,8
0x6f2C90Ef4fff089B0a0C46B50c351BcA6Cc73a77,,,,,8
0xb5D4356E8C4DBF5c2045FCfbbCFfCc299D54922A,,,,,8
0x2322a94346bC40bE5a18763f26fF070D126e1428,,,,,8
0xe51f5A377eD019e3141873DAb4539b7535680D49,,,,,8
0x596271db853C6b5ef4AB1d65CB7043c328600bf3,,,,,8
0x222b36319A9CE7f77f576e0223862850152f885e,,,,,8
0x783217f67740e61D6D9C47a5C00e5D75BE225A63,,,,,8
0x6DA3b75444561FE47677c209e0D0309D803dBcE3,,,,,8
0xA4eAA06597aE6e64eCEB72bc36476c44b924fd2E,,,,,8
0xdF17feEC8b277e4D2c355a636A03452414a700D4,,,,,8
0x679D81920246B8D2508d92B697774533b9110D9f,,,,,8
0x93f048bEeF7b0092628cDCAA25f3645f368Eaa99,,,,,8
0xF751D22b312484ab265af3368f29385D3a198198,,,,,8
0x8ED501BCb661AA11FDe0356c2b2a9C8A233e1230,,,,,8
0xf09a1847167b243c664fDcf8647BaB7ea2c6c066,,,,,8
0x902029b0e2fa00810ad46bcfef49bBE84769c1AB,,,,,8
0xef189f436bead89411de2b8014579e3c7bb6d500,,,,,8
0x607B530e1F7584AB477Fdc614E9c17aE14a65A00,,,,,8
0x0803D172cEe3afB41C8A0bE1DCe63062d926d885,,,,,8
0x9cA6Ba8252504920435C3DDBb2385563FD9CfB53,,,,,8
0xa3868A40771E008CC51Fb85823b110C2f7B6E452,,,,,8
0x9B4C0bE7e5d75a99c60786457eC6A7aA3a745d96,,,,,8
0x9bc6333B7607E53d4f3C748B8B76Bbf04AC1F1cd,,,,,8
0xab56296206ec9F65e657891314031d942Df89034,,,,,8
0x381f99633132d3953ade720898befedb4c995237,,,,,8
0x6A9E0301045312E266599FB99361e45A38976c90,,,,,8
0x40fB490238c4960396aE70AB7C311f68C20c26a7,,,,,8
0x091Fc5E3dAaa39738A1852C179e8403D4BE4274F,,,,,8
0x9602c701688aa83477521afdb383ab093451c887,,,,,8
0xB3a99f85bc969cea31DAa2a87d6C1F02E019F76A,,,,,8
0x955c2e8DC263Cbcd551CE346BAfEFcF648AcaD97,,,,,8
0x5F2c9bF297bB106e4E52E2eAF57621E6b2b3Ffa0,,,,,8
0xB3aeb1B7759428EB8AaF03d7AE6206Bf9F2a7849,,,,,8
0x1022BFcCe7f4127025F0Ca2eaBB249479224f9bc,,,,,8
0x43ba5874ACb5042FC20DCB1fC3598277dcC3FDB6,,,,,8
0xaaD3Fc12A1709751700E86E0d39f16B1a6Bee405,,,,,8
0x0839aD3256deB9183F9288b1C308A3B7A77d3BF0,,,,,8
0xF824793CF1AE271A22E3D20614E7f3041CCE043f,,,,,8
0xA983Ea847aB99DF06B1e517E50a16d2648D08C2f,,,,,8
0x26BA164224a4030507E5A21693ba63Ab543F15b0,,,,,8
0xDEFADDED882A657b41c4373A494508Ef124dB7d2,,,,,8
0x84AFdd93466D50f7a0F176b61109c7A3Dece6Ed0,,,,,8
0x62a38043e89535Ed51D7eF5012C51c478cCC42AE,,,,,8
0x9C837a1aEf04820418022fa7152660e8B5c8E56d,,,,,8
0x99554A39E278ed8cd01C1C32184D5B0ED5D2F85a,,,,,8
0x10847e940703672095CDe79521Ce774b3ABEAc24,,,,,8
0xc270823E6c95D1140798fbD45079acCba2e7f882,,,,,8
0xaC957DDb102841d1F6219D317859A8cd7A2A9e96,,,,,8
0x6b2f735B7B01C7ab586106AFCfC14D0550d908DB,,,,,8
0x84C5a3269D6514fA05550B5AC899a00b293C9093,,,,,8
0x03FA64Ce73C58fa751ab445f058b2cdde929275D,,,,,8
0xa8688850B7E7E7Db5081bDF2e12E425537502b02,,,,,8
0x6f7b625a8ae7389793c2e904a3e2c5b22a8a69c4,,,,,8
0xBEFc8435d4f0289d3CCE8C9e8D733769d6A43728,,,,,8
0x25455E210a747A3187aCE27CF508453c0B47984c,,,,,8
0x3C6BCfc36c5E17364Df82ca12A2F00452CB03E2D,,,,,8
0xEFc095361E9c5A42935eE7461d64949E7c26896A,,,,,4
0xb885b4894849dc0a091ed9acad940734de193c14,,,,,8
0x9753A3fA3132A7439f9c47B75909AC776F43EbcC,,,,,8
0x8fa4286978A2EEF3995B0c8f55Fd5f5c43848fBC,,,,,8
0x6e208aF2C50c66a2fE4AC78296EB4e8D7680bf67,,,,,8
0xcD925b7e35254c5c35A58D1De73F1c39eEF88d34,,,,,8
0xbA5cb4002fBd646E510798dC01cB7a6A8D6E8DB9,,,,,8
0xB7B7E742F33A446c2A85991de1A5Ef03147171Ac,,,,,8
0x852af75930D4A22e7A19d7B3d404fC5A597b72aD,,,,,8
0xC797809cCB563c65630bBe1B070239184cb6B6Bc,,,,,8
0x8e54070C60c237Ccff35dafb45699016C065F928,,,,,8
0x7E71CF7418dfF3631120548B13Bf14bDa3882C73,,,,,8
0x80829df06042692f2a6BcdaEbe2DA2e18eAAC145,,,,,8
0xd11EA4B34E28Eb6d5B3095121630CF5374932244,,,,,8
0x060de2C727dCce6c8d7e163e23c9Bbf2B8012dF3,,,,,8
0x1F886bb69e3Ba6160D446577C5271Fd57526F599,,,,,8
0x949d32B97DE01385042631A7632d6D91CD65a7Ff,,,,,8
0xa8a316e6f087461fd09b8dd63706bee21dd973a1,,,,,8
0xe1578c380f564c71F726E4Ddc9caacBF9b848A91,,,,,8
0xd579a8DC7A04BBdB91c85250BA60a9870D55FA61,,,,,8
0x8677A0E14bd00b93F3a669Ee42F45Fea41E8030B,,,,,8
0xe20B1959dE07C7E4764c28ac12788F0C49bE8587,,,,,8
0x0b73CEc4052ad6B321f9a39e04f003440d7c8D89,,,,,8
0x34B753a72a0499F311FEC00f74103C66408C6a14,,,,,8
0x0bBB4fF35fF019CB608984b5Ca372d45b44eb937,,,,,8
0xc939d455FA1dD23576416a3Ac717175737466eCd,,,,,8
0xb9d8501E53fD29FC3C9677fec2b2B8fcF973AF80,,,,,8
0x2Cf96222799aB25969c00717f645D2c6c1df1708,,,,,8
0x009B5e95621F10a1C2A3BF8A3F9BB3FCB1FF7f90,,,,,8
0x5fc5E9d3352A823EAd987dA9B2c776F4B93091F6,,,,,8
0x6a90781093aB4C0CC24656eF8825ADc03434F47B,,,,,8
0xF2e7443296E3D8CdeF6d131d1B63ff795E10D71b,,,,,8
0x0b261d1b6673163465E21ADd14B7361BcD768903,,,,,8
0x150B0E4cf8905e3d55b352AF3B11f46e4900d76e,,,,,8
0x54eCa528eBB46071bB7141D44C0A0e28844ea9b5,,,,,4
0xA6d2DE40496c0D9B94F5B789a7291b63A00C91aC,,,,,8
0xC7Ac6Bf0D07bD2f0c2C0f55e3Ca5FFA8fFDa40D8,,,,,8
0x3128aadc35d521b54c5188de5c8786c3db69a4a4,,,,,8
0x4a5e3bd5cbbaBd0add33618cF75AA4594a4FCE86,,,,,8
0x5b0569E7a0Ef08CA802430e287982Cdd754feE2E,,,,,8
0x731E60373FA8fc5cEb3A6E2A5488A5D2054b5944,,,,,8
0xdEe4C7aA3f21301aDD3B882c574F357a7DD8b28E,,,,,8
0x661369086314498fC1912c15027AC4cE84093D15,,,,,8
0xb4Ef8732C8531D1F4a1754273b4eB3Cb6935F754,,,,,8
0x06a921D6217741F77235101b0A23b7733beAe64b,,,,,4
0x018861de0f1760c232ce591db2c93d5989c9d40a,,,,,8
0x943d3AdEf40C49EDf88d9Bd2F0452206822a35F0,,,,,8
0x6Dd9D1e0acE2bc5802e13D1BCCA2016C8161f219,,,,,8
0xe2547C09B80E493aDf285c5432e0414250fDC76c,,,,,8
0xe0D6fC592C5762de6c17a042755d395aBD3aD405,,,,,4
0x1D0FA89709575bFe2f1a57fe7B1aE83511acc713,,,,,8
0xc968F68e7C85D358CfA58db9Bd2026D7278850c4,,,,,8
0x55e50D5dC50246F94439250892Ce196dAb0767C1,,,,,8
0xF3c6028241EfceFe7898FB86D6e2F2d8Eb2fAAEd,,,,,8
0xc13276FfBd3f113cE8F5c397847A0570Ef1AfF06,,,,,8
0xfc194A9De90ea69d9A46A4e8f3CC33f73ad12396,,,,,8
0xd49431962739AC9Dc4643b4B2F9bCD1F4E5F4388,,,,,8
0x56e42f4107ba1CA2b6fdD3F357eeE428BA16a20E,,,,,8
0x5Af9A7348E214CcF2052FEE1fDF6837472B4D538,,,,,8
0x4C501AfE85d6D7d0e6aeA716C217792F820223dD,,,,,8
0xbdeceed28046eB54d4d12A566FFA0f60Eca999d7,,,,,8
0x169aF9961705A2814A34BF26c6b0C343082e4215,,,,,8
0x0Bdd2a2eC78bFa481f51472999fdF04634B6a32a,,,,,8
0x432ce759a9Fd0D954484c141d6036E6F3F2B4F78,,,,,8
0x3C2Ef1F07af309c3EcF6233753f756A1C787b7d5,,,,,8
0x0Fa6C69f455973600804979F476e321b2AC58ab7,,,,,8
0x9e0D40FbeefEa19875cE5215a954216Be876dB15,,,,,8
0x5dBc39D6A214e74FE534D9603994638e75fC0010,,,,,8
0x1199122368a20bb1aC520eF39500c33d4fAB2DEc,,,,,8
0x5Bb57BcAf3390508Df66dc4695Af95eD76fC81DD,,,,,8
0x77Efa8bba39b65525eeECea77cd2907c20351BB4,,,,,8
0xcA459b084c0bcfe51826369a92ddca7cd3cfadc0,,,,,8
0xF83728D21C32a5d4C701d3588Bcf656c82Aaf535,,,,,8
0x04D417F866C4506579FbF457c36F293529956D04,,,,,8
0x1A714Cfa540031250DCa76E378020583078e6a2C,,,,,8
0x61c461fc309Aef3B5bce6F98Baf1cD2B1d32B468,,,,,8
0x2241cF9bc701B29eF926E65794faDeFED5162043,,,,,8
0x47888016DC15359dEae5dD5f6a5c77DF461b8072,,,,,8
0x0007f506F29284eCe3a693C41871485f10e6382F,,,,,8
0x2d4D7bD340e14d7b187e25cD9741b27e3E97c3F8,,,,,8
0xb053dd1C27e3d9F2f8D09cf53F9Aa4aD0f5a1421,,,,,8
0xEaCB9Aa5F5ddEdb9847647E147547E6192D6a717,,,,,8
0x0b60e35F9aFBe72e50481F9642C6ce0eFe69d6E2,,,,,8
0xB1539e03D8d91E69fBc200592cC6abE578912898,,,,,8
0xae7f8F1c15772336d54B754e2c03D3f29D059F00,,,,,8
0x204530D4B3DAd3B80627250ea36A96220798cc64,,,,,8
0x136CCF43696A9AE500Af0A8331Fd2EfB940f6144,,,,,8
0x938D5c47c1F41E3d54464cCF7eA4d7Ef46184AE3,,,,,8
0xf2AF4d158a0E05395dc1D6fca664e655984873ad,,,,,8
0xBa948BeAf6D3425Ef19d4d9128F49Ba59A12Cb89,,,,,8
0x1Cb72151A52DD332FC28F44F0bE9e631FAB8EddA,,,,,8
0xBCDb2171b3B087e85Ad67ca80145A4E545c6Efb1,,,,,8
0x8a2E6BD1dB468FCd97a9C6c6E984c374C36B6138,,,,,8
0x7B72272C6d3d3f3e6b14967b8818710e12474588,,,,,8
0x9091a3a2cf0ad0161e1b9103d649a06395c9f731,,,,,8
0xA4F42EB45682e641c4fF5699715e7F7840Dd77a0,,,,,8
0x449f84dB2258655364FafF4Ab1FbB7Ba6aF7213F,,,,,8
0x27fE9C1d26C4Fbb2815164b88E605B883b655A1d,,,,,8
0xe7aa4a0f2c3a862fd605a009e2ec4939b620271a,,,,,8
0xBEa8d497DB973D9826BC9cBC88b94219c95D6C56,,,,,8
0x39e73E1Efac63Df46b7CcD233f38c96106D557ee,,,,,8
0xCF53B76c0ecC36EfD54d8cCA9C515caf75859524,,,,,8
0x15cfa44a2F2c081A7d15F5975A90317B3dc3C153,,,,,8
0x54d0a520c5f0affbf15cbb77d57c1c3123ec3179,,,,,8
0x8e2B312FB89D0E27F9289aDf7E5bdd60665a9790,,,,,8
0x2F6a04D3fc04f3B36f30e646485746f03c565245,,,,,8
0x1f9E366992d866829946FefF310f670Fa087bf56,,,,,8
0xe3366252C0E8e7314E684CBC942fa24933030273,,,,,8
0x35eabf9f3Ffe183E7f73619931dfA04ff286a925,,,,,8
0x0F1b4A205d1Bca17BAAD3b226A0E4C61e022235C,,,,,8
0x2F0eEB3959b0AefBa7241e00e5ffE8a356b222ef,,,,,8
0x0ad1a0235A2F06e60685cd732Fd89a73a929c353,,,,,8
0xA30611fe1eC07b4cC1dAfff484D329DF859762e4,,,,,8
0x7b936f0e3A7125A6e32c6F6f0CFa0Cd0Ca586885,,,,,8
0x52A36c6A1D27286D61D28C7a50caD3ce43E78725,,,,,8
0x0FaaFc57E47410220F7B1D5eb81d0062416ba209,,,,,8
0xFf0263D4341Ad0537EE1C6d75C973045f6bfCA41,,,,,8
0xDf79586c0c264272EA7DCD97BF24aC23fbcf2b55,,,,,8
0x9Eec5e26BeAbA93885FE2dE2Dda80f549564E6A5,,,,,8
0x29B7Fee992ae2FEC09DC6c5376C05855507F427A,,,,,8
0xb57803FC70780C3Bc23F621652fc7894D3171f2a,,,,,8
0xA34755d1eeFeA6694B42eBe71Cf738926CCE5a59,,,,,8
0xe38A330E342134CF111df599eA9b025315B76Ae0,,,,,8
0x53Fd61B23adF1D50502FBCD40D8Cf45f0F64536a,,,,,8
0x9c7ec2b935c211958192980FF84cc2611a166851,,,,,8
0xD1d7889c196A55188162ec6Da310997e99c702Eb,,,,,8
0x1BC5b505eA10daAD14978B9bAB6066B9BFbbc056,,,,,8
0x0D36C55DeaF8524ae61A70b9EC9043a33d687EEC,,,,,8
0xBF077ef3DD03Bd5aED27d5FA5b200E1aBE64403B,,,,,8
0xB84030C9ee7Be010364248C0875A562f8B2AE9f8,,,,,8
0x0C33eEfe13c0FC20B8fC9876f5C1A2262Ed9C79e,,,,,8
0x61A2178A2d7f184E1bB0965a74b6C40478f1d88b,,,,,8
0x6097802fcBbdB9ba0cE6484Ae1f84a4b65E8F9C7,,,,,4
0x596e4C9a75D7078654d7FAaf93d0302df4f4d8B1,,,,,8
0x5076182E70C86471cAd2d0DCe3ffb0645f2B3572,,,,,8
0x593B181B7942B46aC5f6d60Ef37680433d6a21F8,,,,,8
0x065238875787fAd3A923e1A3055E26692f021d1d,,,,,8
0x5084d40Fd4B0824527FB1438ac3670ed6319Ab29,,,,,8
0xc69D5f763897caa679b064f18Ec731921A4eB773,,,,,8
0xD8E2D4a2F39e55e41Ffec7a1E777852cce43fCad,,,,,8
0x4B5c4733c93EFa26936A8c391338dC3B04f0C539,,,,,8
0x6B78c0f86767CA99318db1bFeEB9B7f63bF112a6,,,,,8
0xe59c81d5DA1D0aA50490f1b730220924bdF2BBcC,,,,,8
0x6AE6Af76D7dcB6178Da82127E687b0ca3FA680F4,,,,,8
0x8a57af21ee00da105df8eaeaefd198e3847f1bcc,,,,,8
0x2b0bEB8e94814A325eE2E7bFfFB0a1EdAD05d713,,,,,8
0xBc78A17C0833Bf6Eb05E6b4f011AfFbfb4674451,,,,,8
0x7FBEb6Cc510e7E2fb4566d62DC6e8e0B52229939,,,,,8
0x012EE4E949B219DfB8187F243663c9812FcBA373,,,,,8
0x7f8e039a4b9b5da9fd6e3d7d3cc3eaa5e16459c7,,,,,8
0x03DC06490852e520E241027C1DA064b356c00553,,,,,8
0x31B43DB45542AFA70672A09592ade0Ece4CdD32B,,,,,8
0xb782cd274247675F074Ca95bFb0e6911Bf66d20B,,,,,8
0xC9c90534A755392ab165A288041F7B540484458B,,,,,8
0x67323AddD963C19045F99d71A9A15aA273024bF0,,,,,8
0x9652410211278eDbBc909F54636684383c4ee57d,,,,,8
0xb21930f1150995EB3Fe2dC43896CFde667E572Ce,,,,,8
0x4eB7D7947809aE1337f2233Ed7E5F709002F27A1,,,,,8
0xD10a28040Fc0EfB61332964206ba0b9bC35Bb2d3,,,,,8
0xD1D8c82758c104fae32cfF85aaB82ef49cdCf30B,,,,,8
0x7Fa0aD15E8B7656d3e9C28466A6e3Cd0eD1d1bca,,,,,8
0x551e4E18EB4297dCa4B24f1907683324C3a6568b,,,,,8
0x2AD32EE77b91D699aD2c4a86a32290cb05678bA7,,,,,8
0xED3669eB9125EBfeC609D2673ef6EA329b05dAa7,,,,,8
0x3cC0c773d1698e59af59fca2381e3d2DFb11ec1b,,,,,8
0xeC081e0f790E70201A6bC75E8dEfc4778076C1FA,,,,,8
0xEbf8e16242Ae187a2755a7411092866892786563,,,,,8
0x014a6886679f5B5B8B8705CeC886d83786B0508d,,,,,8
0x6C2351e650C4245cf1DAedfFeF008DF306c18fA7,,,,,8
0xb16f85593BDA6203AB8E71afF4A78eF08Ef59b49,,,,,8
0x4162bf424D2Ea9816C915d8aD5e860255C72014F,,,,,8
0x93a8bD6ec07ae7AB23CbEC8084C7F60d85e48737,,,,,8
0x99A213f77586226e0e137378f52f43F73F1Ee7C0,,,,,8
0x469a8b31bb9df4fc0a62e636daaffe3dc38fc783,,,,,8
0x64BE357Cf598bf9988e9C744d7a24bf5ff16984f,,,,,8
0x2D824A993c4204f17036dAAFDd28655640b19d79,,,,,8
0xfb5b9a23800685F03e646Bb42e65d3c116d81fFA,,,,,8
0x6Fac433eD2FA2d5409daE9E7411F4aC2BC5602Cd,,,,,8
0xb0926727FF31DDDe0fa80b1E9725823652bBCD71,,,,,8
0x8c6fc185C5D970AeAbB636B121dcB11cef6FEe39,,,,,8
0xAa860BF74DE6035592F2D92c54a0f596b1080FFb,,,,,8
0x0235316C4A0Ae918e58f954a515f2034ceC2d3Df,,,,,8
0x0Bf35d34b1bB974dfF2075b4495f72B2e61c8788,,,,,8
0xb6333A1eBd0aAc00892710Dd966ad3Baf12899e6,,,,,8
0xFE9F393F695742D0ec7273B5dA8fd9c5098E311c,,,,,8
0xf9cB1B7FaC578773d3d664A3E16c5CF931CdF79C,,,,,8
0x277873465d5FBDBDe364407E990233c1b8ebE325,,,,,4
0x8BDC8Af9C765B46b9d5ef59D8701Ba4a5A671D8c,,,,,8
0x2fCf1121C46325AE4823CFA544C990c1C3C4E96e,,,,,8
0x95CaD39214b3C48b3ec019eee4aC0d5742515d70,,,,,8
0x6E6b204bd0cCC3F57ACF19C2c78c780Bf2a9AEd8,,,,,8
0x67c712D304670cB86364162216F35D05Aa3d568D,,,,,8
0x1865A0E664fE3B72F1BC1d740234ADEFec8CD4c0,,,,,8
0xb9379B89ed786eB754b2CdB23833bd1cB785E1A9,,,,,8
0xaDBccD85C7a25181bB9D8f8C40024A82e42C640e,,,,,8
0x51bA32379E48053305ecD36A0D4daAd04a240086,,,,,8
0x83d243072987bf6173b7ef1899c26ff5e6408dd2,,,,,8
0xc241cd623a780b7cea2d6438c40ab8bb47602f6f,,,,,8
0xA3dd586892583E105dDe679c279fB8f3C8aa6931,,,,,8
0xBC2ABB268ebf9c97E914F41b211ee69D38a8A9E1,,,,,8
0xef488761757d97608dcDc20abD085b40a647540d,,,,,8
0x96431DfA841A34591bF49b453412Aef8F31677aF,,,,,8
0x52b4d94712E3850f68788e9354FDD31dc1262bee,,,,,8
0x96bCfd21E94BaB860D2A4E7f6337e5c3430aDb99,,,,,8
0x19Be15176cCc3fc8d43d6517A961349c368eb8bd,,,,,8
0x297c6b0F5Be36045211834229bD21Bd2D907a109,,,,,8
0xa591F0a6d9a7a9786c6cEc1Bdb199B171349812b,,,,,8
0xb78B3EFe8fd7285461CAa942B829f2bFe41475E6,,,,,8
0xF73de344F241835A87517A5F175bA16b5aC2D8e0,,,,,8
0x50B6fCf47b67C2a5405651Db1d714ee001A818C6,,,,,8
0x427C6126C02262Cf5D4DCF56f97c0f828f1286c9,,,,,8
0xfA1015a9Ecfb46873cb8f3c6bb7CbD9444629c87,,,,,8
0x8d47168aEb7a520AE665ebe2Ab4411C5A97c2d5C,,,,,8
0x4E7c4e98DaA8E2a26A10392cafF004d799792D73,,,,,8
0x0082B87Da207D99234cECE9Af30082a9daA6767f,,,,,4
0xb2E8c737CAFDF3EFC5325Feb59B3B35ddE870026,,,,,8
0xF4EE54a1010f645c8C2aBE5CACD50b0E9a43A290,,,,,8
0xAb3470156Cca1a9A0F7301fa433e3a3238B19356,,,,,8
0x3AaD7F103c68Ed8f04292Dc7b7B659F6F3C9ab00,,,,,8
0x5412dC4541A9fCc6fE706AFFD4bb337Cb83E4e29,,,,,8
0x97ef8eD873CFBDdc7Be8cC421d27E765d4fE6001,,,,,8
0xb4bBc364ccDe531aa050d30ecA9d7FaF1b77ce2e,,,,,8
0x7A17Bf3E2df486E22444AB76D9E0a6477155b696,,,,,8
0x041669EbFDb817d249dE2A218Cc36A5650854EC1,,,,,8
0x804D29B05D5377FDfF1b7Ea3d0A8CebfdA9d95bf,,,,,8
0x3c94d9b04681f4D3ECA3e2db99360fCdAF75B48E,,,,,8
0xCFbd1377526FC8CC1f64bcfA7E61FE13B5d87637,,,,,8
0x38DE982B34551657373e8c7352F4ab7FE02825b4,,,,,8
0xf9D02a091b83C7792e718CaB05DFe300012B6762,,,,,8
0x867e9cb64fdef16869db0de9a9ffcf7e8d4f6cc6,,,,,8
0xE1200a8d53946fF660251F683d018DB77F6BDc1F,,,,,8
0x40dB0d252f3974f70d51B1cE25723Eb0784b9bC9,,,,,8
0x7257Ffd7D195D0b23Dee462F64dAb889a7Be3Ce6,,,,,8
0xD28869D78d3cC837BA8B3d8eC8477AFef26DC57F,,,,,8
0xc4073a2e983BA8e07C1D778bebf4246e90128052,,,,,8
0xe25076F646586d4bf11b46E31f57af0d7C598625,,,,,8
0xdd753f7dccec5602915392b6f7946232568bb197,,,,,8
0xb74B5DF1Df67517d72899b847491453ed558545d,,,,,8
0xAE231a123d10E897ba726cBC4d35024EB0E0A696,,,,,8
0x7e11c881e9988Df3eAAA1a98601804Ec043bF1fd,,,,,8
0x54F3ab890Cd38885b4c4b8eECE27765462E36589,,,,,8
0xf9815A2E1C2b81046E77d15a5E2DC3410adF8c8B,,,,,8
0x76c2F0Ab446EfeB6ce0Dcc549834E735F4448a04,,,,,8
0x780E387A5cf658E503520D5F7Dc3e81Ec6eED67E,,,,,8
0x7AA9E97Cfb7Af73F66fEa95500653937c9F1f2A6,,,,,8
0xaDc1f6862dDafF1886CaD822e67163005Baa286b,,,,,8
0xAC8c807b32F5cDBADaB9C4911f35E3FD5fe49941,,,,,8
0x9B7Ce7beE2055237D1a645d119e3668643F5F2BD,,,,,8
0xA3C2Ec40FD333bC5359F5FCd76521f048acf5BF8,,,,,8
0x77BAb1693C01c7aa2F55d7B2bF5E5e2471820Af8,,,,,8
0x5e0d5AbDa9A797C76d443D70E365923AebF0D8dc,,,,,8
0xA4468c6f888213a6c232494b72254cB5c2432EFa,,,,,8
0xd0B3812882731031604a0114941F6Ff5FD26Eb51,,,,,8
0x0745a0099453dF8e620814D414b62FE607346399,,,,,8
0xDdA9980B5840a15479c233f68a1c0961e17CFD31,,,,,8
0x34403ea4b881432c66478be41D75a36a08D782cE,,,,,8
0x0989c77f8289feEddc8c3E3967B850E41443c371,,,,,8
0x4B2e2Db08accd5d2a748134D4D2d9182cB3c9738,,,,,8
0x61D60b232C05992B426539334f9DBA3A19D5393a,,,,,8
0x24Bb860Eb05997150a4489F0f72701e9D5eC8668,,,,,8
0x10ef0CDc7263d09A312f7B20251Bb61739f9c8cc,,,,,8
0xc935306008267540F8082352DA2b13E285318710,,,,,8
0x6929FAd6926d1DEc0B92c098bA021dA84c49a730,,,,,8
0x0334B727F7c2Ff7dEFB0d017B58d1EFd06072C57,,,,,8
0xecCF08DB51b0a9278a1b1a24e003126aDa5d50B1,,,,,8
0x7055d5C5495268CCb3Af13418E27286CcA0a6716,,,,,8
0x1fa54bC70b7f543E518256b2a666a5f123Ad9aD4,,,,,8
0xb7b9BC7A0Cc12b87a1a3d629Ad421C5531bAFa86,,,,,8
0x1A42d2339209899D0687c900195B2202C9FC5090,,,,,8
0xD466C62e503941Ab964E45c03f4F52D2C0769F90,,,,,8
0xF2210172c0F6d911A4611Bf73E0CEdfeAE4C12Cc,,,,,8
0x7842b43360a161517CeACbd8C3C14c673fc6DEd4,,,,,8
0xB15a63A8eAdDd437e07F5d49BfF8A037F04b107a,,,,,8
0x55759CCcDE8A3448f74C0A2B648616a4d2625357,,,,,8
0x5Bc5cA15cA573E8411A6E334082EfC34e2fbf617,,,,,8
0x4B29034Bd273657b22AFa1d56C8D7b41F9F16891,,,,,8
0x17d7a2AcF129AE9a5f89298DfA912569d32D97e4,,,,,8
0x7bEd3B99A76BaF0834004A5Af6E6cC9468a08b43,,,,,8
0x1d0FaADEC698270Ebf11D585Da41616E20C6D72a,,,,,8
0x94A781571f7aCa342B705A3b25045f871D7c31D8,,,,,8
0x7439317b3a23f4C2753dB41dd18D706dfb51fE62,,,,,8
0xB1bf257b91Fc58D81242cEc7840D8641861FD4e9,,,,,8
0xa98c8a4777BDC66FfB0Ab7783268654572d7f86D,,,,,8
0x232Fc77EF205a54C39803Dd3392b534560B20569,,,,,8
0xF1f4ab8F7BC3032eE2aF29a42c4010FF1EAA88a7,,,,,8
0xBB3aCB84d5CABEd39a1223C7Fe9187D297f5D14F,,,,,8
0xb90DFCCFa2877d0D507dD29964509AC1a494f485,,,,,8
0xd7bf9c57b4abe805bb97a3a5f540209594fc10ea,,,,,8
0x3fAA14B5090ae062b415bEE336D2584657D8052b,,,,,8
0xbeC5774e1BeAB53baC98D89249c069bB8f740F7F,,,,,8
0x10EF2C110a016435FBC5dBc3705752e2AB7Ce980,,,,,8
0x415EDbf5f9a91D37b715C2f9e27F50a35c016155,,,,,8
0x3Fbd38FF541230326D7e82251862EfD813c36F5f,,,,,8
0x4153d0E8623fAE9bA5c95C9D7E8ACA7c08FEeff3,,,,,8
0xcb09c6ba3b97BdC188991C52e29a4E75a047DdD3,,,,,8
0x3a49800f0c9Fbc64145f9F3fDcfaA91A6d3180b3,,,,,8
0xff8453b3caA54F421834E61aACA8d372F5C69655,,,,,8
0x23792b7270Ef82Cf44f7eF3174a9B3616c46612B,,,,,8
0xb64C60704cB429636CDb788a72bbEa8Dca433b45,,,,,8
0x649307eae99d798d055ec603a2a540a0d741159b,,,,,8
0x32064149d94cA2B1b23dBeDAb0aaCC1CD0156C88,,,,,8
0x9BB6C5b38ED91E6d4DC5BC5E3b0e4660C517F515,,,,,8
0x29ea2198300C801Bb691987B08eC8afb431a60Ce,,,,,8
0xAB993edA8c5E65be2F769Dd8A627C234c7480556,,,,,8
0xd199D055021E0A36C2037D35f8a9e287bc4aa652,,,,,8
0x662aFd5C2577005Fbf125e50fB2Ae8B5f797b468,,,,,8
0x87b1600633C20117cF06FF92eD5036dCf2d0666e,,,,,8
0x87b599bbd5F2c950F458FEAb10091A269430FD61,,,,,8
0xA00AA24083DcfdD9BF46521487dCb69dEF51b803,,,,,8
0x52F9602C5FD8A17cF5028Be980d2b9fDDe1dA4aa,,,,,8
0xb7F7b2e504224d402eb43F5893C997652b19B826,,,,,8
0x50E9d5976C32C8f1920A2579a8390c72B282EA5F,,,,,8
0x446038Ea184b14415E72eC1a28918675926cABdD,,,,,8
0x88f8382864e57E2bEf45c25A140D68281f7E2917,,,,,8
0xd45e0cF0a540CCb64B47dA619e8dCd836F58De65,,,,,8
0xE890ede26D6316EeBfB3681aF10127D7ad6dE36c,,,,,8
0x084C29feCDFf4662A0E18c1538f050B82a778589,,,,,8
0x52929aD6F37fF166FfbF2f22beE1d88ffF2D96fa,,,,,8
0xb4A0EE1168286F287F612Cb34FFC7184A2eB3B8c,,,,,8
0x1638Ef0D70eb4295279Ed822246521A44e8BDDfD,,,,,8
0x1FddDf064938c433862a36b4c6384b595637d45e,,,,,8
0xC91561eb1C6430bb18EE4959032c8dcE47883d7c,,,,,8
0x8E3D307D27F76a1A535857c73DEF3c024C4D61c5,,,,,8
0x3FE3fBBbfeDB51D1Cc45Afb840EEc51f275a3742,,,,,8
0x365612e3174978a207c1e9b9b19bfe756ca848c9,,,,,8
0xAe594ce7Ce55604EaabAc8c71164754c3D89bbAa,,,,,8
0xAeDDCA2AD2B7A0a3cea163c6D363d8F6802B5860,,,,,8
0x0851180646A3EeF6784A194e1111B6558a3E5ae3,,,,,8
0xe27c10734E1518439dBA055aA9343FdD857C6D27,,,,,8
0xa2f0EF1DACf58C55303999B5522B5e1419dD5445,,,,,8
0x933D587660fA68D34Fc21efc5AA0955ed2DB4bB4,,,,,8
0xBa12615b0522542bbA3e10f468E0f38465de95CF,,,,,8
0xfA2930c852Ff5D8E50896Cb74256a32E5431fAc2,,,,,8
0x03d995EDCc1F865B8f029eC24dCe6A90A6856304,,,,,8
0xBDf97824C94C8a9Be623262451681bb0F7517384,,,,,8
0xc366d3FfA9CB29ECCC2c9FA29a5a6E6Dc965b233,,,,,8
0xEA9D347bB214180CcaCd0033C8DA9E2871312b33,,,,,8
0x00001Cc064b25cB8652e209096B8e2e4173F5C42,,,,,8
0x23702635b593965D7df85a9b771A66F5abBe789B,,,,,8
0xAB5610017B483D1522A449D945Af9F7CEAE2D45d,,,,,8
0x41f8Cc3D154DE75cD2Cf081c380ee4513E393987,,,,,8
0xf863159D61B6cAA187854D43DD075bE875a01646,,,,,8
0x642De515BE396337700e41078c58D597CE95B666,,,,,8
0x72051be4040966d00B00A96C1C70FB3BeA62a17F,,,,,8
0x0e787fD62B1DD4D37966dbaC4815E7538eeb75DA,,,,,8
0xDa63548226888546b9895c8a8069199f49EE6CF0,,,,,8
0xE13C1a12CcF0Ec5b55c71b40Dfc940B45D693958,,,,,8
0x71c353Cce8449f921826760c093D84b18612fD16,,,,,8
0xFFF7696101AEfA5DCf0B1554A939Fb1CfbB13d7a,,,,,8
0xCe733eAbE263aF892e1F0F6c385a17fb7F998b7e,,,,,8
0xC23F0356CA8dcC1f7bd7Becb205f389a4199D6Fc,,,,,8
0xd4b79c9A3D9c0406d1D95977E030047389BFd3BB,,,,,4
0xCF630B7A7C506CB915969f3Bc2c7a192ed3cDB2b,,,,,8
0xDFF553DE2fc0A980B3DE5253724888a5857BE76B,,,,,8
0x52cD6625A19aFF2C440060AD8d0A3dcC6424818e,,,,,8
0xc15EA2640146D77b74b6705136Ccb8fb1FE51fAA,,,,,8
0x6D7bC919f363586E8b5F560B16CdB4B357b7F229,,,,,8
0x365Ab94d6C9eBb96B1e1831A87dcaDa861758AcF,,,,,8
0xf364e5651bF3aBB4e278E79A826A6aA74e4E683d,,,,,8
0xf12392ebfe5b28a80d39f0957428ef7a6dcac93c,,,,,8
0x020214cb781c110d6Ab9b1647649dC1e166AdCFf,,,,,8
0x20Fe3663Fb6412Cd91F72d45c0E37eF07c81d1df,,,,,8
0x1438272e7d3cb2734388687B15C38046b61b083D,,,,,4
0x002b877690e0f4e25f037d5a063111061d41d8aa,,,,,8
0xa226a3bab8b5b0635884065bc23ec5bb76745b88,,,,,8
0xeAE633e1C2464Ff93E439c5b6349f9E8B2F64c49,,,,,8
0x3b6A4091a265E5A43E15e1201952943c36BEeEF3,,,,,8
0x8013a1b0337765a2D369Ff7f480d165fB5ad3080,,,,,8
0xA29Be9946f0c7908E68142caA239e1Fd94730BDd,,,,,8
0x041862BfECD9FbdEcb5204cAc3E84d7621D8337B,,,,,8
0xaE8b6ED7b2f23c3C3012E9558FddE31924925e1f,,,,,8
0x6Df2D993844901309c32df773F9B20f229339806,,,,,8
0x205fa9c2a72E4d9150b30816Ff1D30AF3045CB9d,,,,,8
0x09006ca291734FAc7ff93DB5d05aa556FFF395fc,,,,,8
0x9A614037781E57eC139F585a9691b215E1695E1f,,,,,8
0x6259C20A370eEbC21d56B0Ef8718fb1a8c556C44,,,,,8
0x1470fE81933a01fe21dB2D6B94dDA12797413631,,,,,8
0x2f1FbD2Ac7a01E4fC6e207EeAac0C875A464dC7D,,,,,8
0x02672374F99d231eA2De2C4a4a4Be75D66bffFBa,,,,,8
0x0CB7beaE34DC8B14f4036444B96c7D19CDE610BF,,,,,8
0x12B4EFA5e7AA657735f3DCaBc0Db88e5Fa9412AA,,,,,8
0x2C2F599466A1275327C25353B23d7b7c7BaefA2F,,,,,8
0x2395FB0236E21Fd0B7912196749b56e20DC86664,,,,,8
0xc89403eDe5FA0DF6fE3EeAB805E7504Ad7cD80E3,,,,,8
0x268Aa1E9aD8Fa87A4f7506491F09733d8B387788,,,,,8
0x3660F60312270Bc0453D8bC9E830097140a7B777,,,,,8
0xb5aEDb8705C453D8B8a4A86E4Ab0f1c56458fA2C,,,,,8
0x6965a6ef9D48c6CeA63Af6f8616f40795A8f093D,,,,,8
0xAB5610017B483D1522A449D945Af9F7CEAE2D45d,,,,,8